text,true,pred,prob_pred,correct,true_labels,pred_labels
<SOS> afternoon tea english ritual social well culinary affair little book english tea present exquisite array afternoon tea fare dainty sandwich biscuit <UNK> muffin cake traditional english recipe given delight egg watercress sandwich <UNK> cheese scone florentine maid honor <UNK> many favorite recipe accompanied delightful fullcolor illustration <EOS>,cooking,cooking,0.9867269396781921,1,cooking,cooking
<SOS> daisy miller naive young american woman traveling europe family find difficult understand <UNK> society <EOS>,other,other,0.6365270018577576,1,other,other|religion|science
<SOS> text priscilla <UNK> christmas love today sprang festive parlor <UNK> hall century ago life still lush page joy world specially embossed diecut jacket wrap book like precious gift selection literary guild better home garden family book service <UNK> copy print <EOS>,religion,juvenile,0.9242696166038513,0,religion,juvenile
<SOS> trio wild witty romance novella chronicle romantic escapade three former sorority <UNK> bryce escape reputation good girl <UNK> jennifer clark find love fellow agent bryan matthew former college brainiac caroline <UNK> collection includes six week sensuality code pink fantasy forever original <EOS>,romance,romance,0.9937294721603394,1,romance,romance
<SOS> examines internal operation television news answer many basic journalistic question beginning <EOS>,other,history,0.9358882904052734,0,other,history|juvenile|science
<SOS> first glorious fullcolor lifestyle book gardening decorating cooking herb 450 fullcolor illustration 25 blackandwhite illustration <EOS>,other,cooking,0.9384187459945679,0,other,cooking|juvenile
<SOS> studentfriendly style book make content accessible without sacrificing either breadth depth coverage text's informal writing style emphasis problem solving stateoftheart medium package make book ideal fit school large class size wide range student ability background authors' goal create complete package text medium supplement would challenge <UNK> student provide support lesser prepared student giving student chance succeed 4e welcome new coauthor fred <UNK> <UNK> state university creator ,science,other,0.9570227861404419,0,science,other
<SOS> sixthgrader jeremy thatcher discovers strange magic shop never seen enters life changed forever buying think marble discovers really purchased dragon's egg <EOS>,juvenile,juvenile,0.9721388816833496,1,juvenile,juvenile
<SOS> friedrich <UNK> considered one significant playwright time year cold war arguably beckett camus sartre brecht rivaled presence european letter alta national translation awardwinning new translation many critic consider finest play joel agee give fresh lease classic twentiethcentury theater <UNK> wrote best understood one grasp <UNK> andthe visit consummate alarming <UNK> blend hilarity horror vertigo play take place somewhere central europe tell elderly millionairess merely promise million,other,other,0.8676974177360535,1,other,other
<SOS> ben decides take baby sister show tell simply stop cry soon whole school chaos teacher principal even doctor try cheer <EOS>,juvenile,juvenile,0.992283284664154,1,juvenile,juvenile
<SOS> bittersweet saga handsome colt wrenched happy country home almost worked death london cab horse adapted easy reading large type short chapter expressive art make must animal lover <EOS>,juvenile,juvenile,0.9062671661376953,1,juvenile,juvenile|romance
<SOS> stayathome working mom alike learn apply seven simple principle shaping family good adopting attitude action life care filled love encouragement original <EOS>,religion,romance,0.7224875092506409,0,religion,juvenile|religion|romance
<SOS> revised updated dr charles stanley's wellloved life principle study guide series taken new life refreshed content small group individual want bible study that's spiritually sound practical find wealth idea help understand apply scripture real world <EOS>,religion,religion,0.9847831130027771,1,religion,religion
<SOS> one finest available book making patchwork quilt author recognized one country's leading authority venerable art book divulges many secret assist making quilt highest <UNK> book contains 100 patchwork pattern complete instruction cutting sewing conceivable sort design <UNK> carefully described flower design rainbow design irish chain fish bird leaf design book show step step detail making kind quilt cover choice pattern piece v patch quilting simple complex quilt choice quilt material <UNK,other,other,0.9906898736953735,1,other,other
<SOS> snow white tell story life wicked stepmother queen paint different picture snow white <EOS>,juvenile,juvenile,0.9851086735725403,1,juvenile,juvenile
<SOS> rewriting common <UNK> thought appropriate today author offer gem thing barely worth barely commitment allows familiarity without contempt original 125000 first printing <EOS>,other,romance,0.7440832257270813,0,other,juvenile|romance
<SOS> cousin best friend clara stephanie quinn run <UNK> nest bookstore people go find coveted read no idea <UNK> clara who's reading themthe bookstore made enemy town crier ana <UNK> claim store's occult collection poisoning town's youth meanwhile store's numberone employee molly made no secret anger ana's antic ana found dead killed bust edgar allen poe sculpted molly evidence stacked clara must rely gift make sense senseless murder <EOS>,other,juvenile,0.8065915107727051,0,other,juvenile|other
<SOS> offer advice planning interesting baby shower including party theme logistics recipe activity <EOS>,other,cooking,0.992890477180481,0,other,cooking
<SOS> brief illuminating account idea world order prevalent elizabethan age later indispensable companion reader great writer sixteenth seventeenth <UNK> elizabethan dramatist donne milton among many others basic medieval idea ordered chain studied professor <UNK> process various transformation dynamic spirit renaissance among topic angel star fortune analogy <UNK> microcosm four element four humour sympathy correspondence cosmic <UNK> symbol <UNK> mind imagination not elizabethan men renaissanc,history,history,0.8972940444946289,1,history,history|juvenile|science
<SOS> <UNK> texas <UNK> certain age luck broke hey that's blue love music not popular blue <UNK> <UNK> <UNK> real downhome <UNK> blue one day music love backin single hot burst lightning come straight ground slim find <UNK> little bit magic whole lot different blue <UNK> blue manifest form <UNK> <UNK> fender <UNK> <UNK> pickup aka <UNK> need need bad <UNK> fallen hand tbone pickens viper want suck power turn <UNK> running <UNK> quest help new mentor rhythm guitarist progress <UNK> purely unstopp,other,romance,0.9331268668174744,0,other,juvenile|romance
<SOS> clive cussler acclaimed worldwide grandmaster adventure series novel starring action hero dirk pitt <UNK> copy print whether deepsea diving climbing mountain driving classic automobile adventure heart cussler's life cussler writes providing reader adventure tale based around devilmaycare character name dirk pitt one chapter existence addicted challenge search whether lost ship wreck airplane steam locomotive people sea hunter first nonfiction book cussler explores special world undersea ad,history,other,0.9529664516448975,0,history,other
<SOS> meet slipper feather hog three rarest bird ever known <UNK> people say bird feather tend flock together not beach rock that's three unique friend meet first time performing risky feat one another later hundred folk gather <UNK> stunt gifted <UNK> bird overshadowed sheer beauty best friend attempt borrow back limelight nearly end disaster bird stunt fly expect sky one another crowd people beach looking <UNK> take flight imagination courage oneself support good friend find <EOS>,other,juvenile,0.9958475232124329,0,other,juvenile
<SOS> twice week lucy dailey leaf suburbia three child tow returning brooklyn home grew stepmother unmarried sister still live aunt veronica wounded face dream beauty drowns sorrow drink aunt agnes acerbic student elegance sip finest crystal see aunt may exnun blossom late unexpected love child watch absorbing legacy haunted <UNK> moving evocation life inexplicable calamity magical celebration childhood familial love wedding wake story three generation irishamerican family eye youngest member el,other,juvenile,0.8535543084144592,0,other,juvenile|romance
<SOS> maybe moon armistead <UNK> first novel since ending bestselling tale city series audaciously original chronicle cadence roth hollywood actress singer iconoclast former guinness book record holder world's shortest <UNK> thirtyone inch tall cady true survivor town say die encouragement early starring role lovable elf immensely popular american film proved major disappointment since moviegoer never saw face behind stifling rubber suit required wear decade hollow promise industry reduced perfo,other,other,0.8174165487289429,1,other,other|romance
<SOS> present one hundred picture puzzle reader must either spot ten difference two nearly identical picture reassemble picture cut put together incorrectly level ranging novice genius <EOS>,other,juvenile,0.9921716451644897,0,other,juvenile
<SOS> briefly survey turbulent history region offer panoramic view geographical diversity visit resort beach swamp mountain forest farm well city town architectural wonder <EOS>,history,history,0.809421956539154,1,history,history|juvenile|other|science
<SOS> specifically cover wide spectrum sport providing player advice determining sport nutrition need developing nutrition program increase energy endurance information fitness level play injury <EOS>,other,other,0.9003766775131226,1,other,other
<SOS> literature film drama opera painting psychology even term everyday language thespian odyssey narcissism nemesis xenophobia frequently refer back myth legend historical figure ancient greece rome whatever interest modern culture greatly enrich enjoyment getting know personality character classical world covering everyone achilles zeus invaluable stimulating guide anyone wish enhance classical literacy one brings people ancient world life <EOS>,science,other,0.9564012885093689,0,science,other
<SOS> collection vincent van gogh's many painting drawing letter accompanied essay address van gogh's major artistic theme different phase artistic career 30000 first printing <EOS>,other,other,0.6792857050895691,1,other,other|science
<SOS> constance <UNK> back better ever new tale magic <UNK> o'shea know dark past there's no place love life owns successful store philadelphia us special gift help people meet though fulfill content <UNK> julian mcdonald run empire rich cynical <UNK> not interested relationship love since death there's no space heart anyone <UNK> know soon meet julian could fall love secret society devoted bringing world back balance mysterious agenda <UNK> care heart's wish vulnerable shapeshifter <EOS>,romance,romance,0.9877079725265503,1,romance,romance
<SOS> twentyfive year <UNK> cohabitation planet <UNK> human catlike <UNK> renewal unknown entity work sabotage heretofore successful alliance original <EOS>,science,science,0.8741917610168457,1,science,history|science
<SOS> senator kip davy dead shot executionstyle man news report describe member <UNK> militia maine hunt killer nationwide yet assassin found refuge might least expect wounded weak robert drummond cared home another senator currently washington senator's daughter wife become <UNK> protector not hostage grows stronger next several <UNK> <UNK> become intimately involved drummond woman learn firsthand philosophy psychology militia movement become terrifying <UNK> america desperate drama end fashion,other,other,0.9771491885185242,1,other,other
<SOS> explains basic equipment technique needed photograph process photograph sun moon star planet astronomical phenomenon <EOS>,science,other,0.7095056772232056,0,science,business|other
<SOS> revolutionary new curriculum henry cloud bill donahue john townsend establish whole new training <UNK> equips leader group simultaneously give everything need start sustain lifechanging group requires small group dvd player four sixtyminute session train leader group member foundational value practice becoming lifechanging community sixtyminute session foundation small group include teaching author creative segment activity discussion time group chance review learn new group life technique,religion,religion,0.9781046509742737,1,religion,religion
<SOS> whole new world right eye look closely world around may see another worlda world butterfly ghost pumpkin oak tree turn timber chimney raccoon party animal sunflower blow jazz ordinary egg source wonder twentythree thoughtprovoking playful poem elegantly illustrated jenny <UNK> heidi <UNK> invite u look beyond see side nature surprise await open mind's eye <EOS>,juvenile,juvenile,0.9949184060096741,1,juvenile,juvenile
<SOS> new york time bestseller author lafayette somewhat united state brings puritan era wickedly life washington post day america view puritan nation sarah vowell investigates <UNK> mean discovers something far different uptight <UNK> <UNK> reputation might <UNK> highly literate deeply principled surprisingly feisty people whose story filled pamphlet feud witty courtroom drama bloody vengeance vowell take u modernday reenactment indian massacre <UNK> sun casino <UNK> puritan poetry righteousnes,history,other,0.7424444556236267,0,history,other|science
<SOS> olivia hudson belief dream olympic skater shattered father decides move family illinois alpine lake colorado find unexpected help coming two mysterious source <EOS>,other,juvenile,0.9940966367721558,0,other,juvenile
<SOS> new animal come barnyard animal try determine one <UNK> white like duck four leg like pig eats clover like cow <EOS>,juvenile,juvenile,0.995501697063446,1,juvenile,juvenile
<SOS> dumpy accompanies charlie first day school lovable dump truck enlisted help build new playground boy truck find reassurance newcomer companionship one another 100000 first printing <EOS>,juvenile,juvenile,0.9938777089118958,1,juvenile,juvenile
<SOS> heart shattered disappearance true love rock idol dallas lord dr sara killian song wrote last memento plunge deadly world deceit conspiracy lead <UNK> <UNK> e brother adam <EOS>,romance,romance,0.9733197689056396,1,romance,romance
<SOS> biblically oriented guide present achievable step toward building peaceful stepfamily well strong marriage order prevent divorce <EOS>,other,other,0.9566319584846497,1,other,other
<SOS> <UNK> <UNK> abused <UNK> talent prime player secret history galaxy seed destiny sown million year pastwhen giant sun exploded vast civilization died subsequent blood feuding ten thousand alien family nation perhaps began dozen year birth greater brazilian <UNK> drone destroyed red dwarf star drawing <UNK> human race <UNK> genocidal conflict not ownand <UNK> extraordinary mental ability touch past future made pawn wealthy <UNK> vengeance rocketing black hole core galaxy perilous heart fanat,science,history,0.9046361446380615,0,science,history|religion|science
<SOS> trace history liberty bell including information use bell colonial america statistic particular bell legend surrounding importance american symbol <EOS>,history,history,0.9804916381835938,1,history|juvenile,history|juvenile|science
<SOS> elegant witty engaging exploration riddle time examines consequence einstein's theory relativity offer startling suggestion recent research may reveal eternal question science religion profoundly recast einstein's theory relativity implication time warped motion gravitation cannot meaningfully divided past present future time paul davy discusses big bang theory chaos theory recent discovery universe appears younger object concluding einstein's theory provides incomplete understanding natur,science,science,0.9411046504974365,1,science,history|science
<SOS> ever situation caught guard left speechless worse yet put foot <UNK> easily accessible book focus moment knowing exactly say challenge important lighthearted react boyfriend give blender gift say run another lady party wearing exactly dress serious say friend miscarriage friend suffered sudden death <UNK> lady would say differs etiquette book not offer suggestion correct thing say 100 social situation give humorous example wrong thing say well saying right thing requires little logic bit <,other,juvenile,0.9855615496635437,0,other,juvenile
<SOS> engaging celebration one food world's happiest marriage respected author chef janet fletcher offer cook everywhere 80 mouthwatering way pair pasta <UNK> vegetable lively sauce organized alphabetically vegetable book's appealing suggestion combining pasta fresh produce quick prepare light meat rich flavor perfect <UNK> cook want serve wholesome meal summer <UNK> linguine green golden zucchini winter feast penne cauliflower sauce pasta harvest tempts beginner expert cook alike savor pasta ve,cooking,cooking,0.9932152032852173,1,cooking,cooking
<SOS> candid unabashed memoir dedicated southern veterinarian feature wealth amusing pet story well author's shrewd observation animal owner <EOS>,other,other,0.782245934009552,1,other,other
<SOS> good fishing tip sale pitch highpriced hightech gizmo instead best fishing tip simple cheap make fishing easier learn make modify lure eliminate common problem rod reel eliminate bone fish fillet along 300 tip collected expert throughout country tip clear concise made even easier thanks 400 color photograph demonstrate tip <EOS>,other,business,0.9663218259811401,0,other,business
<SOS> thrilling newbery medalwinning classic eskimo girl lost alaskan <UNK> wolf staple canon childrens literature first julie trilogy survival theme make good pick fan wilderness adventure side mountain hatchet island blue <UNK> small eskimo village known miyax friend san francisco julie life village becomes dangerous miyax run away find lost alaskan <UNK> try survive copying way pack wolf soon grows love new wolf family life wilderness struggle find way back civilization miyax torn old new lif,other,juvenile,0.9947952628135681,0,other,juvenile
<SOS> detail basic patchwork quilting technique feature gallery quilt present pattern instruction creating variety quilt project <EOS>,other,other,0.9851762056350708,1,other,other
<SOS> find autumn garden harvest bright color lot explore inviting rhyme antic boy pet promise full day fun young reader pick luscious fruit vegetable colorful fall garden <EOS>,juvenile,juvenile,0.9950632452964783,1,juvenile,juvenile
<SOS> feel strong attraction wonder could one glamorous haze early romantic attraction hard know whether relationship lead true loveor negative even catastrophic relationship book help men woman want healthy satisfying marriage identify early warning sign unhealthy relationship dr warren show reader hold god's best life instead settling first one come along outline factor increase chance marital success want become wiser relationship choice practical guide help find love want avoid pain <UNK> ed,romance,romance,0.9656254053115845,1,romance,romance
<SOS> spanning year 1938 1998 delightful collection cartoon business feature cartoon many america's favorite cartoonist including george booth roz chast bruce eric kaplan edward koren <UNK> wilson robert <UNK> cartoon editor new yorker selected cartoon magazine's archive david remnick pulitzer prizewinning author editor new yorker start thing wonderful introduction <EOS>,business,other,0.9684167504310608,0,business,other
<SOS> merlin sends jack annie mysterious mission paris france 100 year ago must find four magician give urgent message merlin jack annie land paris make way 1889 world fair eiffel tower built especially fair thousand exhibit world jack annie find magician crowd people magician anyway jack annie find another adventure filled history magic amazing surprise <EOS>,juvenile,juvenile,0.9940284490585327,1,juvenile,juvenile
<SOS> train rail pas skill strategy visiting openair folk museum else rick steves teach traveler skill really need traveling europe learn deal small detail planning trip europe rick steves' europe back door 2007 america's number one authority travel europe rick steves done legwork discovered secret made mistake traveler completely revised updated rick's timetested recommendation safe enjoyable travel europe used million american search unique european travel experience rick's travel tip include ,other,other,0.9831523895263672,1,other,other
<SOS> along sidekick sister eileen sister mary helen probe disappearance old friend erma duran disappearance police reluctant take seriously <EOS>,other,juvenile,0.9910869002342224,0,other,juvenile
<SOS> calling bathroom <UNK> <UNK> isthe book waiting no frantic search last minute perfect magazine article no agonizing choice light reading serious stuff little volume entertainment humor education trivia science history pop cultureand even divided <UNK> spend minute quicky relax <UNK> article really get comfortable long <UNK> uncle john's bathroom reader strategically placed home settle happily read aboutthe origin common word <UNK> story behind louie <UNK> curse strange <UNK> wizard <UNK> o,other,other,0.6594200730323792,1,other,juvenile|other
<SOS> new york time <UNK> byron get way heart martha stewart david <UNK> author indecent <UNK> love hate story martha stewart history company incredible suburban kitchen connecticut boardroom wall street story filled power drama conflict tragedy updated new paperback business writer columnist christopher byron detail recent event involving martha stewart give inside story marthas horrible year headline possible insider trading obstruction justice accompanied rollercoaster plunge company stock de,business,business,0.9797979593276978,1,business,business|science
<SOS> stuart's favorite breakfast <UNK> <UNK> snowbell cat's favorite <UNK> full funny quip pun knockknock joke book capture lively humor new feature film <UNK> little 2 <UNK> pun comic kitty caper laughing whole day mouse day <EOS>,juvenile,juvenile,0.995088517665863,1,juvenile,juvenile
<SOS> ehrlich offer good thing second volume memoir adolescence renowned contemporary ya author publisher weekly starred <UNK> story little child everywhere love ask acclaimed collection ten awardwinning wellknown writer comply reaching across childhood reader whether telling growing japan upstate new york california coast recalling great depression world war ii 1950s describing childrens victory heartache writer story make clear despite difference one childhood another child share complex human,juvenile,juvenile,0.947283148765564,1,juvenile,juvenile
<SOS> back rediscover zaniest character ever met bestselling series sold million worldwide bright charming easily recognizable character small takealong format mr men little miss book easy enough young reader witty enough humorprone adult highly collectible one also check local listing view mr men little miss tv showback mr men little miss microsite <EOS>,juvenile,juvenile,0.9907785654067993,1,juvenile,juvenile
<SOS> art needlecraft requires patience discipline creativity art detection ask betsy <UNK> learning life smalltown needlecraft shop reveal unexpected knack <UNK> hidden talent unraveling <UNK> <UNK> devonshire settled new home excelsior minnesota owner town needlecraft shop suffering terrifying nightmare hasnt <UNK> think maybe would help get away friend jill tow head north <UNK> remote rustic lodge nightmare get <UNK> find dead woman no one else seen body <UNK> know wont get rest untangles mys,other,romance,0.8162887096405029,0,other,other|romance
<SOS> heel runaway new york time bestseller oreilly factor bill oreilly delivers another strong dose noholdsbarred advice unvarnished truth <UNK> oreilly even madder today wrote last book oreilly <UNK> fan love even he mad thing gone bad worse politics hollywood every social stratum nation true title <UNK> zone cut rhetoric oreillys infamous guest <UNK> expose whats really mind sharing plenty emphatic counterpoint along <UNK> searing spotlight public figure president george w bush senator hillar,science,science,0.7076777815818787,1,science,other|science
<SOS> brilliant narrative keep reader spellbound beginning end james swanson's vivid style historical accuracy unsurpassed make parallel journey abraham lincoln jefferson davis come magically alive wish written <UNK> steer jr author blood moon assassination abraham lincoln lincoln assassination <UNK> morning april 2 1865 jefferson davis president confederacy received telegram general robert e lee no timethe yankee coming warned shortly midnight davis boarded train richmond fled capital setting i,history,history,0.9711180329322815,1,history,history
<SOS> addition numerous crossreferences treasury baby name feature detailed definition consisting origin meaning famous namesake popularity nickname unusual spelling original <EOS>,other,juvenile,0.9915359020233154,0,other,juvenile
<SOS> whirlwind marriage san celina police chief gabe ortiz benni harper excited visit kansa hometown rowdy backyard barbecue meet tyler brown aspiring country singer promising futureand fascinating past tyler lived simple amish life determined make selling exquisite handmade quilt tyler's <UNK> <UNK> cut short murdered jurisdiction gabe frustrated sit sideline friend investigated sleuthing wife benni realizes hasty marriage much like kansa weather unpredictable bound stormy <EOS>,other,romance,0.923957884311676,0,other,other|romance
<SOS> rooted observation massive transition church happen every 500 year phyllis tickle show reader live time right compare great emergence great history christianity including great transformation god walked among u time gregory great great schism great reformation combining history look cause social upheaval current event great emergence show reader great emergence church culture came going anyone interested future church america no matter personal affiliation find book fascinating exploration,religion,religion,0.9882087707519531,1,religion,history|religion
<SOS> israeli government minister assassinated home mistress day later <UNK> aging decorated mossad officer lead final raid killing hamas leader bed barely escaping life <UNK> cyclical scenario emerges perhaps robert littell heartfelt suspenseful novel action move forward near future global community united leadership visionary woman president united state broker major compromise israel palestinian authority hope snuffing violent flashpoint fuel flame global terrorism isaac <UNK> wellknown funda,other,other,0.9543742537498474,1,other,other
<SOS> terrorist hijacking <UNK> navy aircraft set stage frantic negotiation united state soviet union dramatic splitsecond rescue attempt threatens explode global conflict <EOS>,other,science,0.8327803611755371,0,other,history|science
<SOS> firmament great historical novelist anne perry star greatest magnitude first acclaimed victorian mystery sparkling passion suspense reader embraced bestselling new series world war <UNK> <UNK> tranquil life english countryside horror <UNK> april 1915 chaplain joseph reavley tends soldier care nightmare trench warfare <UNK> cutting england youth one rescue foray <UNK> joseph find body arrogant war correspondent eldon prentice nephew respected general owen <UNK> prentice despised prying atte,other,other,0.9766223430633545,1,other,other
<SOS> illustrates best new strategy <UNK> response recovery natural human disaster using gi technology <EOS>,science,science,0.744821310043335,1,science,business|history|other|science
<SOS> mother remarkable collection portrait essay woman photographer different generation culture race paris gallery owner editor <UNK> <UNK> offered photographer opportunity fill double page spread word picture describing mother participant presented <UNK> unique artistic capsule illustrates indestructible bond mother daughter provided portrait others submitted beloved family photograph often beautiful young woman became mother created work art best symbolize perception <UNK> seventytwo persona,other,other,0.9442697167396545,1,other,other
<SOS> medical correspondent cbs news present active lifestyle example men enjoy lifetime fitness recent information building healthy muscle eating right fun 50000 first printing tour <EOS>,other,religion,0.8063531517982483,0,other,juvenile|religion
<SOS> using native american experience example author provides advice living wisely well spiritually increasingly materialistic world <EOS>,other,business,0.9880850911140442,0,other,business
<SOS> quiet safety bluebird ranch old promise resurface unexpected love brings new <UNK> tragedy wrecked life allie <UNK> hold hope fiveyearold daughter betsy speak stalker revenge allie think safety must sever tie abandon life know head peaceful bluebird ranch nestled deep texas hill country person help themthe ranch sanctuary abused horse also troubled youth perfect place betsy grow recover ranch owner elijah <UNK> eagerly welcome duo rick <UNK> ranch foreman <UNK> right hand <UNK> decided let,romance,romance,0.9951499104499817,1,romance,romance
<SOS> offer stepbystep instruction making sixty item <UNK> quilt sweater dress pillow birth sampler hat booty article <EOS>,other,other,0.9668952226638794,1,other,other
<SOS> hundred tip backed 200 closeup stepbystep photo drawing good starter <UNK> includes useful glossary bit type list safety <UNK> instruction make various <UNK> arc freehand <UNK> includes instruction practical application <UNK> journal <EOS>,other,other,0.9338867664337158,1,other,other
<SOS> evangeline starr <UNK> plainspoken lusty hardworking june keel high school senior best friend going best friend working together <UNK> chicken farm school vangie june make boyfriend together car pas dirty note day school tell everything kind friend <UNK> graduate thing begin shift vangie get job waitressing move del june unable get job anywhere local factory move ray older brother luke become involved life men see infrequently not seldom become clear vangie there's something dangerous goin,other,juvenile,0.986173152923584,0,other,juvenile
<SOS> invaluable guide patient family caregiver parkinson's common neurological disorder 15 million american directly affected including many 3 population age 65 five 10 parkinson's sufferer develop symptom prime age 21 39 debilitating progressive disorder central nervous system caused loss brain <UNK> neurotransmitter called <UNK> parkinson's five major symptom include tremor rigidity slow movement <UNK> gait disorder loss balance not surprisingly disorder implication area patient's life parkin,other,other,0.9913892149925232,1,other,other
<SOS> create backyard winery breaking ground savoring finished product jeff <UNK> vine wine complete uptodate guide growing flawless grape making extraordinary wine wine connoisseur gardener home winemaker find latest technique fully revised updated edition thorough illustrated instruction learn choose prepare vineyard site construct sturdy effective <UNK> system plant prune harvest perfect grape climate press ferment age bottle wine judge wine clarity color aroma body taste <EOS>,cooking,cooking,0.9916924238204956,1,cooking,cooking
<SOS> presenting structurally unthinkable though law nature mc escher born 1898 <UNK> netherlands received first drawing lesson secondary school <UNK> van der <UNK> also taught block printing thus fostering <UNK> innate graphic talent 1912 1922 studied school architecture ornamental design <UNK> instructed graphic technique <UNK> de <UNK> greatly influenced <UNK> artistic development 1922 1934 artist lived worked italy afterwards escher spent two year switzerland five brussels finally moving bac,other,other,0.8931019306182861,1,other,other
<SOS> list describes point interest hotel restaurant museum shopping sport recreation entertainment florence town tuscany umbria <EOS>,other,other,0.9599969387054443,1,other,other
<SOS> one america recognized face kathie lee gifford part morning routine year care count thats may come surprise hear still side fiftysomething devoted mother dedicated television personality yet <UNK> thought id dropped last egg kathie lee triumphant laughoutloud celebration forging ahead gusto even long old enough know better year kathie lee learned lot life age instance isnt number state mind fertile isnt baby perhaps important quality life sustained <UNK> express define even reinvent age ca,other,other,0.8694418668746948,1,other,other
<SOS> kevin <UNK> good lab colleague could trust idea could make million using father's breakthrough technology direct neural <UNK> friend <UNK> created new entertainment medium live action adventure micro mechanical scale bug park ultimate body experience <UNK> uncle want take <UNK> problem 1 kevin <UNK> teenager 2 somebody want squash bug park dead kevin's father along <EOS>,science,other,0.7784706354141235,0,science,juvenile|other
<SOS> one swift moment fall wiped away memory knew certain someone wanted deadand better learn everywhere turned seemed <UNK> people willing hide truth behind smoke screen lie name told mysterious skill gun link half million dollar worth buried gold evidence past life treasure thief killer didnt answer needed soon still didnt know others <UNK> didnt unlock secret past wasnt going much future <EOS>,other,romance,0.8455950617790222,0,other,juvenile|romance
<SOS> introduction unix operating system incorporates popular version unix explains deal file directory send receive electronic mail decipher common error message use variety <UNK> powerful feature function original beginner <EOS>,other,other,0.9873049855232239,1,other,other
<SOS> role athlete wife mother role model cancer survivor olympic gold medalist peggy fleming relied upon discipline cultivated young skater intimate memoir eloquently reveals fascinating life story share secret serenity success long program 1968 olympic winter game peggy fleming not captured united state gold medal country collective heart well young woman embodied stunning athleticism magnificent grace peggy fleming reluctantly became instant celebrity decade followed also triumphed ice <UNK> ,other,other,0.9575944542884827,1,other,other
<SOS> spenser track mystery woman refuse rest peace robert b parker's beguiling thriller <UNK> spade philip marlowe lew archer spenser like legendary predecessor tough classy boston pi become american institution paper doll robert b parker take spenser sinister path every welcome mask warning identity <UNK> <UNK> tripp <UNK> boston aristocrat belief brutal street slaying wife olivia something random violence spenser immediately sens tripp's pictureperfect version family's life false starter vict,other,other,0.9874365329742432,1,other,other
<SOS> explores man's perception relation sun earliest time present discussing sun's origin solar energy fact theory implicate sun <UNK> including hundred photograph illustration <EOS>,other,science,0.9036407470703125,0,other,business|history|juvenile|science
<SOS> <UNK> said offer quirky collection saying famous infamous men woman burning issue every day hear side story witty compilation best line sex fullcolor illustration add bright idea bon mot expressed herein feminism sport gossip power never lack comeback <EOS>,other,other,0.7068889737129211,1,other,juvenile|other
<SOS> kitchen cooking anymore homeowner spending lot time money make true heart home older house lack open floor plan allows kitchen become part living area increasing number amateur chef going beyond basic build kitchen that's worthy upscale restaurant kitchen become less utilitarian <UNK> place homeowner express personal style much would room house token new appliance technology allows useful kitchen hiding pragmatism behind <UNK> avocado harvest gold <UNK> giant new possibility come overwhelm,other,cooking,0.9953563809394836,0,other,cooking
<SOS> awardwinning pitcher <UNK> lifetime program staying shape includes nutrition information exercise workout routine advice grooming skin hair care <EOS>,other,other,0.9841628074645996,1,other,other
<SOS> one day life <UNK> tapestry turmoil noisy pictorial golden thread triumph knot black frazzled string <UNK> symphony emotion <UNK> orchestration extreme one score brassy exuberance next <UNK> <UNK> call call real author max lucado call second stressful day life savior morning becomes evening jesus reason weep run shout curse praise doubt within matter moment world turned upside <UNK> familiar pink slip come doctor call divorce paper arrive check bounce life calm chaotic world serene stormy ,religion,religion,0.964405357837677,1,religion,religion
<SOS> gather word music popular religious song little light mine <UNK> ba <UNK> got whole world suggests hand movement dramatize song <EOS>,juvenile,juvenile,0.9784227013587952,1,juvenile,juvenile|religion
<SOS> lure morbid fascination really bad news strange thrill thing going spectacularly wrong tragic sensational spinechilling addictively entertaining darwin award meet stupidest thing ever said story story meet starcrossed extremely unlucky fatally foolish <UNK> grim sometimes ghastly isnt nice know someone somewhere worse day <UNK> <UNK> natural driver go ride life <UNK> gust blow truck <UNK> narrow bridge new york survives steep plunge hudson <UNK> supernatural woman peel artichoke explode <U,other,juvenile,0.9848673939704895,0,other,juvenile
<SOS> wizard's first rule seven subsequent masterpiece terry goodkind thrilled reader worldwide unique sweep storytelling goodkind <UNK> return new novel richard kahlan beginning sequence three novel bring epic story <UNK> gravely injured battle richard awakes discover kahlan missing disbelief no one remembers woman frantically trying find worse no one belief really exists ever married alone never must find woman love life <UNK> even still alive ever even real <EOS>,other,romance,0.9856410026550293,0,other,romance
<SOS> make favorite food take advantage miracle soy protein taken groundbreaking earl <UNK> soy miracle earl <UNK> soy miracle cookbook take beyond <UNK> discover easy delicious way cook soy protein salad soup hearty traditional dish including busy day chili meat loaf tofu stuffed pepper apple pancake eastern omelet tofu pumpkin pie chocolate chip cooky <EOS>,cooking,cooking,0.9914091229438782,1,cooking,cooking
<SOS> want find one dinosaur daniel saying find right like fossil wandering natural history museum grandchild julia <UNK> feel presence dead brother daniel remembers time fossil fever hit everyone old young time people would kill old bone ground julia becomes nebraska farm girl weave together story great dinosaur rush adventurous tale love treachery story childhood older brother loved anything daniel dream julia shared alone would see come true <EOS>,other,juvenile,0.9964761137962341,0,other,juvenile
<SOS> fiercest skilled hunter world owl use stealth power strong sense hearing sight stalk kill prey watch cunning animal grow small chick fullgrown <UNK> instinct skill theyll need become ferocious predator <EOS>,juvenile,juvenile,0.8035658001899719,1,juvenile,juvenile
<SOS> meet georgia <UNK> teeny diane <UNK> woman who've best friend thirty year since high school sit red hat purple outfit join atlanta's lady lunch delicious monthly serving racy joke iced tea chicken salad basket sweet roll latest <UNK> gossip <UNK> support caring ups down life diane discovers banker husband condo mistress bought retirement fund red hat swing action hang rope story serf laughter friendship revenge high school memory longlost love suburban <UNK> plenty white wine junk food 196,other,other,0.9368571043014526,1,other,other
<SOS> 1960s begin one great power explodes nuclear strike race's colonization fleet generation germany go war poland time race retaliation swift deadly leaving much third reich ruin united state used <UNK> military technology lock invader standoff china ragtag revolutionary army mao tsetung armed <UNK> <UNK> weapon may prove race's intractable enemy allon earth alien invader find confronting far complex difficult specie encountered hatred jew <UNK> irrepressible inventiveness human technology re,history,science,0.9256697297096252,0,history,history|science
<SOS> collection true story everyday woman follows remembrance coming age unfashionable white girl <UNK> rican neighborhood experiencing embarrassment front rock star receiving horrible mistreatment feminist bos author kiss tiara original <EOS>,other,juvenile,0.8337485790252686,0,other,juvenile
<SOS> woman come facetoface serial killer <UNK> art death ingenious thriller 1 new york time bestselling author penn cage <UNK> called sleeping woman series unsettling painting nude female subject appear not asleep dead photojournalist jordan glass another reason find painting <UNK> face one nude ownor perhaps face twin sister disappeared still missing urging fbi jordan becomes hunter hunted search anonymous <UNK> obsessed killer seems know jordan family prepared face <EOS>,other,romance,0.9890991449356079,0,other,romance
<SOS> mark <UNK> partner nate moore travel 1969 chicago search missing <UNK> model received threat even photograph published <EOS>,other,other,0.8458360433578491,1,other,juvenile|other
<SOS> broken color michele <UNK> written story remarkable woman whose long eventful life take place life art intersect born england first word war sophie mark never known mother father bohemian grandparent introduce world art study london teach creativity alone cannot sustain rewarding lifeafter second world war <UNK> desperation unimaginable loss sophie flees paris new life awaits painting blossom possibility happiness appears form luca <UNK> talented italian sculptor relationship begin crumble,other,romance,0.9768979549407959,0,other,romance
<SOS> left country cram school city <UNK> <UNK> humorous unusual experience chi <UNK> miniature android personal computer <EOS>,other,other,0.7269032001495361,1,other,juvenile|other
<SOS> describes history culture climate landscape yugoslavia give advice sightseeing shopping accommodation dining <EOS>,other,history,0.8112754225730896,0,other,history|other|science
<SOS> madison try figure real friend made stage manager school musical <EOS>,juvenile,juvenile,0.9749967455863953,1,juvenile,juvenile
<SOS> normal who <UNK> thats sure no one youve ever met either none u normal according god definition closer get <UNK> becomes yet quirk sin jagged edge need community <UNK> one fundamental requirement flawed abnormal people master force drive u apart come together lifechanging relationship god designed u forin everybodys normal till get know teacher bestselling author john ortberg zoom thing make community tick youll get thoughtprovoking look god heart others even better youll gain wisdom tool ,religion,religion,0.9921941757202148,1,religion,religion
<SOS> admitting existence global warming denying scientific consensus surrounding cause threat pose singer george mason u avery hudson institute argue recent warming part natural cycle warming chilling connected change sun dispute evidence regarding humanity's role driving production carbon also suggest likely much less problem many predicted annotation 2006 book news inc portland booknewscom <EOS>,science,science,0.8780292272567749,1,science,history|science
<SOS> paint portrait man politician scholar <EOS>,other,history,0.9291177988052368,0,other,history|science
<SOS> 150 craft art activity creative selfexpression youngster easytofollow instruction <EOS>,juvenile,juvenile,0.9580096006393433,1,juvenile,juvenile
<SOS> handsome dangerous patrick macgregor wanted man possessing tough tenacious spirit outlawed clan stop nothing save people destruction even mean marrying elizabeth campbell daughter worst enemy yet <UNK> beauty <UNK> start sweet unspoiled <UNK> touch cold depth ravaged souland make want much <UNK> shy dutiful lizzie passionate woman longing emerge woman ready love piercing emerald eye searing kiss stranger spark desperate hunger surrender patrick glorious <UNK> daring deception found one cha,romance,romance,0.9942641854286194,1,romance,romance
<SOS> zack given chance swim dolphin trip florida dive right long zack surprised find dolphin trying tell something even surprised understand talk there's definitely something fishy going could genuine animal communication zack new friend get signal straight salvage old sunken ship filled treasure <EOS>,juvenile,juvenile,0.9959392547607422,1,juvenile,juvenile
<SOS> fourteenyearold john darragh spy <UNK> philadelphia <UNK> not safe place american spy captured john knew would hanged suspenseful story based account darragh family's spying activity general washington young john undertakes dangerous mission deliver message american army <EOS>,history,juvenile,0.9108290672302246,0,history|juvenile,history|juvenile|science
<SOS> originally published title appearing subtitle 1992 annotation copyright book news inc portland <EOS>,science,history,0.848167896270752,0,science,history|juvenile|science
<SOS> new york time bestselling author elmore leonard back brought get <UNK> chili palmer along ride unforgettable hilarious spoton insider's look hollywood leonard could write cool take reader <UNK> tour <UNK> big <UNK> music <UNK> palmer's followup smash hit film get leo bombed hollywood considered hot last project outside system chili exploring idea third film <UNK> former associate brooklyn day who's record label executive lunch begin iced tea end mob hit chili soon find unlikely alliance on,other,other,0.9478921890258789,1,other,other
<SOS> create wall art reflects style looking quick creative way add art space home youll find artful space give want art project actually look good take hardly time best part there no experience needed artful space demonstrates basic technique humorous unpretentious way lack jargon full practical advice selecting best paint brush surface staying budget choosing right color painting even hanging finished canvas there no end creative idea book 24 project learn create design stencil cd bottle coffe,other,other,0.9859840273857117,1,other,other
<SOS> marine biologist jean young find drawn reclusive secretive ship captain david blade young son third christmas margot early heather <UNK> deck hall bankruptcy lawyer adam <UNK> fall independent interior designer holly hall reprint <EOS>,romance,romance,0.8115761876106262,1,romance,juvenile|other|romance
<SOS> elephant dragon essential guide understanding india china reshaping world labor unbound geographic border seeing startling shift howand <UNK> everything buy made compelling mix history ontheground reporting veteran journalist robyn meredith untangles complex web business politics well environmental cultural issue entwine india china west also outline <UNK> leader worker politician even <UNK> understand vast change coming thrive new <UNK> publisher description <EOS>,business,science,0.836429238319397,0,business,business|history|science
<SOS> provides advice support parent concerned children's sexual education behavior answer common question asked parent child <EOS>,other,other,0.8448395729064941,1,other,other
<SOS> killer loose blurring line fact fiction prey writer crime novel turned psychological profilers hero time killer like no bloodlust shatters conventional wisdom surrounding motif mechanic serial killer operate one woman desperate hunt uncover identity becomes matter life <UNK> fiona cameron academic psychologist us computer technology track serial offender used help police vowed never work went advice subsequently botched investigation still smarting experience working case spain lover thril,other,other,0.9839969873428345,1,other,other
<SOS> know woman turn head whenever enters room even though leg not perfect body not classically <UNK> wonder 'what <UNK> <UNK> 10step feel good naked program teach magnetism everything way feel little isolated body <UNK> woman obsessed body never happy much weigh look <UNK> redmond used one woman paralyzed female body hatred insecure uncomfortable overweight appearance <UNK> specifically designed 10step 'no <UNK> program setback along way <UNK> changed perspective appearance spent last twenty y,other,other,0.9206883311271667,1,other,other|romance
<SOS> chimpanzee able communicate use plastic symbol sole witness murder medieval arab kingdom <EOS>,other,juvenile,0.9270964860916138,0,other,juvenile
<SOS> sole heir family's formidable fortune ellie parrish <UNK> divide time running small restaurant trying take care beloved grandmother last thing time <UNK> cassidy formerly new york city cop owner rundown california winery also busy love think walk ellie's bistro friendship sparked threatens turn serious romance attraction can't compete terrifying secret past could deadly consequence <EOS>,other,romance,0.9949963092803955,0,other,romance
<SOS> assigned babysit british russian american ambassador meeting aboard hm illustrious james bond surprised find boredom turned bedlam terrorist group take vessel <EOS>,other,other,0.9424240589141846,1,other,other
<SOS> vivian <UNK> life peacefully small town <UNK> cornwall everybody belief widowed truth left london unwilling let husband's exploit taint family name all's well someone threatens reveal married status expose scandal unless obtain original signed copy shakespearian play owned none reclusive mysterious william raleigh duke trent vivian unexpectedly drawn raleigh price passion end joining quest catch blackmailer discovery lead danger although bond grows stronger soon realise <UNK> relationship ,romance,romance,0.993505597114563,1,romance,romance
<SOS> getting ready sleep ton fun sandra boynton classicthe sun set not long ago everybody go take bath one big tub soap <UNK> scrub scrub classic bedtime story right winding day joyful silly group animal scrub scrub scrub tub brush brush brush teeth finally rock rock rock sleep <EOS>,juvenile,juvenile,0.9956478476524353,1,juvenile,juvenile
<SOS> ingenious volume victory defeat twentieth century's climactic conflict depended secret war wit occurred scientist mathematician codebreakers side fascinating look behind scene duel develop winning weapon world war ii book ideal historian war buff fan technology extraordinary tale behind brilliant weapon technological wizardry determined outcome war radar <UNK> high frequency direction finding invisible radio beam <UNK> secret code electronic guidance system homing device submarine detectio,history,history,0.9832747578620911,1,history,history|science
<SOS> great food <UNK> scheduled open bang introducing new restaurant country inn food specialty shop new food page moose county something unfortunately <UNK> get ground bomb blast hotel killing housekeeper causing extensive damage enter qwill koko yum yum suspicion bomb meant something stronger warning set investigate mysterious woman guest hotel disappeared bomb exploded find hotel owner gustav <UNK> suddenly hospitalized qwill <UNK> suspicion whole affair yet no evidence koko yum <UNK> new in,other,other,0.929521918296814,1,other,cooking|other
<SOS> sally schneider tired <UNK> food good bad crave can't eat freely especially <UNK> created new way <UNK> book nothing short revolutionary redefinition healthy eating no food taboo pleasure principle essential wellbeing concept selfdenial <UNK> 600 lavishly illustrated recipe result marvelous vividly flavored food find quintessential american favorite taste every bit good traditional <UNK> version macaroni cheese rosemary buttermilk biscuit chocolate malted pudding find italian polenta risot,cooking,cooking,0.9988418221473694,1,cooking,cooking
<SOS> want get firm understanding god's grace start could consult concordance every appearance grace bible scripture passage use word grace yet vital understanding reach niv compact nave's topical bible broadens scope beyond <UNK> topical study ready deal not key word concept based awardwinning <UNK> niv nave's topical bible compact edition <UNK> biblical text retaining virtually topical muscle entry reference definition note like fullsized counterpart niv compact nave's topical bible improves o,religion,religion,0.9935872554779053,1,religion,religion
<SOS> third sizzling trilogy new york time bestselling author <UNK> boy <UNK> night <UNK> mackay separated family year ago except two cousin gave family hed known he dragged back father life way could destroy one woman tempts beyond reason government agent <UNK> dane fought put past behind mission somerset kentucky brings back dream <UNK> shadow cast father suspected theft government missile could cost <UNK> ever <UNK> quicktime trailer book <EOS>,romance,romance,0.9883612990379333,1,romance,romance
<SOS> former <UNK> chef tal struggled year vegan diet left filled craving meat dairy frustrated limited option available unwilling sacrifice delicious flavor associated eating meat decided create vegan meal could hold center <UNK> tal found applying traditional french culinary technique meatless cuisine able create delicious meal full rich flavor healthy <UNK> <UNK> even devoted meateaters would find completely <UNK> groundbreaking recipe later chef tal ready share magic conscious cook feature v,cooking,cooking,0.994350790977478,1,cooking,cooking
<SOS> joshua bennett nominated president new director cia ideal candidate everyone agrees confirmation hearing mere formality washington nothing straightforward choosing qualified person crucial job counted upon unfortunately bennett someone's political agenda hinge confirmation <UNK> damned find whose need good covert help trust bennett turn little known highly efficient cadre former cia spy living <UNK> nearby west virginia odd team <UNK> spook boasting combined array exceptional eccentric lar,other,other,0.7909642457962036,1,other,other|romance
<SOS> making sense investing todaythe fully revised expanded edition bestselling motley fool investment guide today internet anyone informed investor learn tune hype focus meaningful factor beat street motley fool investment guide completely revised updated clear witty explanation deciphers new information evaluating individual stock creating diverse investment portfolio david tom gardner investing idea no matter much time money new edition motley fool investment guide built today's investor sop,business,business,0.9877973198890686,1,business,business
<SOS> <UNK> offer assessment progress kingdom saudi arabia providing overview ambitious development program history setting kingdom global political economic context show rapid progress achieved country earth us koran constitution without diminishing distinctive islamic identity author deputy minister information kingdom saudi arabia annotation copyright book news inc portland <EOS>,history,science,0.947715163230896,0,history,history|science
<SOS> <UNK> <UNK> federal prison camp home usual assortment relatively harmless <UNK> dealer bank robber swindler embezzler tax <UNK> two wall street crook one doctor least five <UNK> three former judge call brother one texas one california one mississippi meet day law library turf <UNK> write brief handle case inmate practice law without license sometimes dispense jailhouse justice spend hour writing letter finetuning mail scam starting really work money pouring <UNK> little scam go awry ensnar,other,other,0.9736675024032593,1,other,other
<SOS> discusses design perennial garden proper planting care perennial includes listing perennial american garden <EOS>,other,other,0.9250880479812622,1,other,other
<SOS> show repair clock weave tape loom <UNK> chair preserve food install slate roof splice rope reclaim field make hammock take care old quilt <EOS>,other,other,0.892898678779602,1,other,other
<SOS> grammar <UNK> eating sleeping well chet gecko anyway chet nothing divine plate mr <UNK> <UNK> surprise followed sweet bit <UNK> playground besides <UNK> crunch bar monthlong holiday two hilarious mystery chet's tattered casebook mockingbird partner natalie attired must catch cafeteria thief foil sinister plan <UNK> zombie master still take part nation world pta assembly fourthgrade detective get no respect <EOS>,juvenile,juvenile,0.9905194044113159,1,juvenile,juvenile
<SOS> probably slow <UNK> percent american household thirty year unbeatable convenience practicality made staple busy family enabling anyone return homecooked meal end hectic day many slow cooker recipe however relied <UNK> convenience <UNK> beth hensperger julie <UNK> not mother slow cooker cookbook take completely fresh look cooking popular appliance comprehensive collection 350 recipe combine ease slow cooking fresh wholesome ingredient exciting flavor today <UNK> day there no time prep there,cooking,cooking,0.9971067309379578,1,cooking,cooking
<SOS> author bestselling tao physic present innovative view interrelationship psychological biological social phenomenon synthesizing latest alternative theory evolution physic 50000 first printing 50000 adpromo tour <EOS>,science,history,0.9173979759216309,0,science,history|science
<SOS> america's 1 bestselling crime writer come extraordinary new dr kay scarpetta novel book dead morgue log ledger case entered hand kay scarpetta however take new meaning fresh bruising battle psychopath florida scarpetta decides time change pace not personally professionally geographically moving historic city charleston south carolina open unique private forensic pathology practice one <UNK> pete marino niece <UNK> expert crimescene investigation autopsy service community lacking local acce,other,other,0.9897451996803284,1,other,other
<SOS> principle community psychology new edition comprehensive text integrating theory research practice across diverse subject matter community mental health community psychology emphasizing ecological approach text place problem current historical perspective focusing individual environment influence shape change behavior mental health conceptually built around model stressful life event social support coping applies concept key integrative device analyzing diverse phenomenon intervention incl,other,other,0.9567651748657227,1,other,other
<SOS> cardinal hume died june 1999 many people different background felt great britain lost holy special man spiritual leader not admired respected also loved cardinal hume spiritual companion given opportunity journey alongside man god book offer reflection meditation season christian year beginning lent easter moving pentecost advent christmas follow year dip text time page find word understanding encouragement <UNK> speak u whatever condition whatever belief <EOS>,religion,religion,0.9942108392715454,1,religion,religion
<SOS> present multitude idea decorating cooking giftgiving wrapping christmas season according southern tradition <EOS>,other,cooking,0.9862589836120605,0,other,cooking
<SOS> offering winning technique spectacular sale result creator psychology selling show reader conquer fear read customer plan strategically focus effort key emotional element close every sale 30000 first printing <EOS>,business,business,0.9750633239746094,1,business,business
<SOS> susan <UNK> reconstructs interaction presbyterian woman missionary southwest native <UNK> people set <UNK> <UNK> 1924 process reveals many protestant woman reformer shared series experience contributed national dialogue cultural pluralism <EOS>,religion,other,0.6942368149757385,0,religion,juvenile|other
<SOS> none welldressed crowd gathered hudson river side lower manhattan hot afternoon august 17 <UNK> could known importance object come see mostly deride robert <UNK> new steamboat north river boat frequently wrongly remembered <UNK> kirkpatrick sale show remarkable biography fulton north river's successful fourday <UNK> albany proved technology would transform nineteenthcentury america open interior huge wave settler create sustain industrial plantation economy nation's heartland destroy remai,science,other,0.9727175235748291,0,science,other
<SOS> penetrating look geographical framework contemporary world using geographic perspective <UNK> spatial terminology investigate <UNK> great geographic region feature complete balanced indepth coverage human culture historical physical economic geography along latest development implication previous edition one contains outstanding illustrative material including 200 detailed map <EOS>,science,history,0.9498831629753113,0,science,history|science
<SOS> whether fallen temperament willful disobedience victim hurtful action others many u struggle crippling emotion among perfectionism depression low selfworth pain emotion often present u even though incident relationship caused hurt may long past healing damaged emotion first published 1981 since translated 15 language helped million reader worldwide deal honestly successfully inner hurt realistic scriptural approach dr david <UNK> brings deeply personal subject find <UNK> become agent heali,other,romance,0.7066934108734131,0,other,other|romance
<SOS> forgetting teddy bear invited spend night steve's house frantic spot much relieved understanding mother save day <EOS>,juvenile,juvenile,0.9950441122055054,1,juvenile,juvenile
<SOS> detail feeding behavior health breeding care <UNK> <EOS>,other,other,0.8663654923439026,1,other,other
<SOS> trick treat halloween disney princess celebrating sweet spooky season cinderella carves pumpkin ariel dress costume belle explores creepy corner <UNK> castle 24page storybook featuring allnew illustration <EOS>,juvenile,juvenile,0.9964503049850464,1,juvenile,juvenile
<SOS> whether seasoned salesperson professional selling service get better result redhot cold call selling filled valuable strategy technique developing complete selling system work learn properly define target market stop squandering money time <UNK> prospecting free <UNK> jitter render <UNK> dissect cold call develop personalized script work best get past secretary administrative assistant even nemesis telecommunication age voice mail prospect come generating public relation newsletter <EOS>,business,business,0.9518879652023315,1,business,business
<SOS> outline exercise pain management technique nutrition way beating everyday problem opening jar <EOS>,other,other,0.9264727830886841,1,other,other
<SOS> time pick week's hall monitor mr <UNK> boating school <UNK> next line <UNK> squarepants report duty take new authority school yard bikini bottom unsuspecting citizen never spongebob wreaks total havoc uproarious underwater tale look book spongebob squarepants favourite store <EOS>,juvenile,juvenile,0.9893025755882263,1,juvenile,juvenile
<SOS> senior citizen tell enjoying call best part life reminds retiree remain active show numberone problem facing old people lack vision <EOS>,religion,religion,0.8340843915939331,1,religion,other|religion|science
<SOS> dramatic story first daredevil pilot u air mail service risked life daily map new aviation route still use today deliver mail throughout u pilot u air mail service made possible flight evolve impractical deadly fad today's worldwide network airline nicknamed suicide club small daring cadre pilot took fleet flimsy world war jenny biplane blazed trail sky route across country midst jazz age dashing <UNK> brazen resentful authority also loyal determined prove skeptic wrong maverick sky barry ,science,history,0.9782335758209229,0,science,history
<SOS> suburban mom troubled daughter divorced brother former child star bornagain christian young millionaire common selected compete lost found daring new reality show team two race across <UNK> egypt england japan <UNK> battle milliondollar prize must decipher encrypted clue recover mysterious artifact outwit opponent stay play yet started lark turn deadly serious number player <UNK> temptation beckon bond partner strain unravel question not capture final prize cost <EOS>,other,religion,0.7418180704116821,0,other,juvenile|other|religion
<SOS> herman holtz america's foremost expert consulting here's complete guide marketing consulting service consultant's guide proposal writing second edition updated edition answer question arise process developing <UNK> begin look include leave emphasizes practical howto advice sell biggest customer government see page 275 avoid common error proposal see page 22 low bidder see page 131 surprising answer safeguard proposal piracy see page 113 client want proposal look proposal see page 117 solve,business,business,0.9783195853233337,1,business,business
<SOS> daylily perfect perennial come rainbow color hardy lowmaintenance wide range climate grow well almost soil light condition learn select right daylily yard garden design beautiful planting deliver flower throughout season care growing plant author include comprehensive listing 200 daylily cultivar ataglance information color foliage height blossom size bloom season bloom duration fragrance <EOS>,other,juvenile,0.7417147159576416,0,other,juvenile|other|romance
<SOS> say elephant can't dance sum lou gerstner's historic business achievement bringing ibm back brink <UNK> lead computer business <UNK> unique case study drawn decade experience america's top company mckinsey american express rjr nabisco gerstner's insight management leadership applicable business level ranging strategy public relation finance organization gerstner reveals lesson lifetime running highly successful company <EOS>,business,business,0.9914114475250244,1,business,business
<SOS> palace intrigue romance illicit <UNK> dean written glorious novel sweep philippa gregory fan <UNK> chandler eighteenyearold southern girl marries viscount <UNK> <UNK> world war ii becoming part windsor court every girl dream come true delia jolted pleasant life realizes birth two daughter <UNK> chose bear heir estate shortly thereafter begin affair husband handsome titled frequently scandalous best <UNK> <UNK> appointed adviser king <UNK> egypt delia exchange one palace circle another far ,other,romance,0.9905688166618347,0,other,romance
<SOS> knit dont kill people bumper sticker spotted <UNK> sheep wool festival adrienne martini countless others knitting linchpin sanity working mother two martini wanted challenge would make feel charge decided make holy grail <UNK> mary tudor whose <UNK> gorgeous pattern complicated knit mere mention hush <UNK> experienced knitter created reclusive designer alice <UNK> mary tudor found rare outofprint book fair <UNK> pattern tudor rose requires discontinued irreplaceable yarn sweater martini ex,other,other,0.9868864417076111,1,other,other
<SOS> easytomake <UNK> recipe summertime main dish sandwich side dish snack <UNK> recipe includes fullcolor photo finished <UNK> tip cooking shortcut kitchen trick garnish idea <EOS>,cooking,cooking,0.9981704950332642,1,cooking,cooking
<SOS> shunted aside political infighting special branch frank pagan return bureaucratic exile meet old nemesis tackle dangerous investigation career carlotta chameleon seductive assassin whose twisted identity shift like mirage long held special fascination <UNK> carlotta pawn greater game played undertaker shadowy brotherhood powerful men dedicated sowing seed war around world taking profit political chaos center tobias barron exquisitely elegant philanthropist move easily elite international c,other,other,0.8057743310928345,1,other,other
<SOS> linda kaplan thaler robin koval moved top advertising industry following simple powerful philosophy pay nice many company encourage dog eat dog mentality kaplan thaler group succeeded chocolate flower power nice experience story people business demonstrate contrary conventional wisdom nice people finish <UNK> wellknown adage nice guy finish last ear power nice show nice company lower employee turnover lower recruitment cost higher productivity nice people live longer healthier make money t,other,business,0.9880043864250183,0,other,business
<SOS> unauthorized album <UNK> photo beloved furry one never meant see pet work reveals first time pet really away not good clean fun unsupervised canine come pee pool party <UNK> fat cat eloping bulldog shopaholic iguana <UNK> pig <UNK> lunch rock pet page really seem missing much <UNK> morning head work feel little less guilty pet not napping staring bored window waiting come home living moment fullest especially not around <EOS>,other,juvenile,0.9886559247970581,0,other,juvenile
<SOS> haunted man lured seductive obsession ritzy world hollywood pursues deadly dream betrayal revenge bring contact edge disaster reissue <EOS>,other,romance,0.9844589233398438,0,other,romance
<SOS> broad selection british american poetry 1200 present illustrates development poetic movement style <EOS>,other,history,0.8610808849334717,0,other,history|other|science
<SOS> <UNK> bright colorful page give kid practice skill every 2nd grader need successful includes addition subtraction problem solving number concept reading comprehension handwriting writing grammar map lot use grade 2 <EOS>,other,juvenile,0.9949436783790588,0,other,juvenile
<SOS> rarely book explosive challenging brilliant analysis today's massive geopolitical disorder triumphant collapse communism brought neither economic stability nor social democracy former soviet union nor matter rest world living time fragmentation increasing <UNK> europe dangerous eruption islamic republic growing disparity world's rich poor evil permissive cornucopia america <UNK> material desire sensual <UNK> leading collapse western moral spiritual value short living philosophical climate ,history,religion,0.9433339834213257,0,history,history|religion|science
<SOS> identical twin wealthy friend dianne stark murdered manhattan socialite lady margaret <UNK> begin take <UNK> odd behavior seriously wind discovering criminal least expects original <EOS>,other,romance,0.9721423983573914,0,other,romance
<SOS> offer advice variety topic relating starting middle school including setting morning routine equipping locker tackling extra homework original <EOS>,juvenile,juvenile,0.9019245505332947,1,juvenile,juvenile
<SOS> <UNK> press sold 140000 copy hilarious book since published <UNK> stress really bad without could get everything done would <UNK> <UNK> day day inthe little book stress rohan <UNK> show way actually <UNK> level stress within around without stress life <UNK> stress level create stress others simple measure stressed make sure communicate around soon stressed switch <UNK> <UNK> coffee around whenever always join people's argument try get others join first car line traffic light get read map t,other,juvenile,0.9896867871284485,0,other,juvenile
<SOS> pictorial illustration island influence exterior interior architecture decoration house <UNK> <EOS>,other,juvenile,0.9834367036819458,0,other,juvenile
<SOS> healing wounded heart expose negative emotion fear rejection worthlessness shame insecurity <UNK> hopelessness prevent u living grace peace god intends u uncover lie embedded emotional wound discover peace truth presence living christ <EOS>,other,religion,0.9899937510490417,0,other,religion
<SOS> seeking refuge remote macdonald castle exiled native country princess <UNK> dealing ancient curse matchmaking nephew two bitter rival dark secret loses egan macdonald's sensual embrace original <EOS>,romance,romance,0.9918251037597656,1,romance,romance
<SOS> new edition reference provides critical coverage <UNK> writer short story novella almost born <UNK> first major section entry contains biographical data nationality date place birth death education spouse number child career award bibliography title date separately published work selected list critical study critical essay next <UNK> essay discus specific work short fiction one author arranged alphabetically annotation c book news inc portland booknewscom <EOS>,other,other,0.9071636199951172,1,other,other
<SOS> internationally bestselling novelist right husband wife jonathan faye kellerman team powerful onetwo punch capital crime gripping pair original crime thriller set two city rich atmosphere featuring appearance author signature hero lapd lieutenant peter decker psychologist sleuth dr alex <UNK> sister keeper <UNK> state representative <UNK> grayson fit well berkeley constituent <UNK> view made unpopular elsewhere <UNK> foe numerous politician side aisle racist <UNK> even dissenter party stil,other,other,0.9493586421012878,1,other,other
<SOS> facing mercenary africa jason bourne witness death art dealer named tracy atherton killing dredge snatch bourne's impaired memory particular murder young woman bali entrusted strangely engraved <UNK> artifact powerful significance people killed obtain determined find <UNK> owner purpose bourne never know terrible act discover committed dig past trail lead layer conspiracy vicious russian mercenary leonid <UNK> also graduate central intelligence training program <UNK> covert course designed,other,other,0.9677149653434753,1,other,other
<SOS> confined wheelchair colt vittorio reluctant take therapist's advice try horseback riding soon another boy's bad fall give colt courage need get life <EOS>,juvenile,juvenile,0.791231632232666,1,juvenile,juvenile
<SOS> hike blue ridge mountain crack open blue crab beach tour vineyard civil war battlefield take baltimore museum discover quiet country inn fodor's virginia maryland 9th edition offer experience local writer traveled throughout country find best hotel restaurant attraction activity prepare journey stunning variety leave trip sure pack fodor's guide ensure miss thingthe san francisco chronicle sum best fodor's guide saturated information frequently update guide virginia maryland make every eff,other,other,0.985954225063324,1,other,other
<SOS> everyone's work day filled <UNK> frustrate impede maneuver undermine plot <UNK> whine top communication consultant detail specific technique handling easytofollow scenario every situation featured handy guide <EOS>,business,other,0.9648350477218628,0,business,other
<SOS> god designed marriage make u holy make u happy popular demand author sacred marriage return topic god us marriage expand soul make u holy new material devotion sacred marriage explores god reveal marriage help grow closer well spouse fiftytwo devotion encourage build marriage around god priority learning live fellow sinner process two becoming one sharing life brother sister christ devotion sacred marriage challenge couple embrace profound <UNK> reality christian marriage <EOS>,religion,religion,0.9947235584259033,1,religion,religion
<SOS> beautifully designed dictionary contains 180000 definition entry cover general vocabulary including english word around world well specialized technical rare word color image provide visual definition feature panel highlight wide range topic contains guide grammar usage pronunciation political physical map well quickreference section subject country world u state plant animal kingdom symbol measurement night sky geological time period annotation c book news inc portland <EOS>,juvenile,other,0.9176415205001831,0,juvenile,other
<SOS> theologian address right death issue considers moral medical legal dilemma emerged bibliogs <EOS>,other,other,0.6975151896476746,1,other,other|religion
<SOS> experienced clinician passionate opening therapy <UNK> allinone nononsense guide complex world mental <UNK> practiced well right professional effective way sort wide range trouble know right therapy demystified kate <UNK> experienced clinical social worker psychotherapist decodes <UNK> psychotherapy everyone who's ever considered proving good affordable help available want among key question <UNK> answer <UNK> know see <UNK> different kind therapy <UNK> find therapist <UNK> expect ask with,other,other,0.9830244779586792,1,other,other
<SOS> perfect morning family waddle <UNK> little <UNK> feather blow away <UNK> feather <UNK> gust wind <UNK> feather blow farther away friend spike porcupine nibble field mouse help dilly way <UNK> feather lost <UNK> tell mama <EOS>,juvenile,juvenile,0.9963294863700867,1,juvenile,juvenile
<SOS> colorful artwork matthew faulkner board book wonderful gift baby toddler simple word introduce young child idea talking god go bed night filled traditional lesser known prayer even young child discover easy express gratitude god blessing day confidence assurance god's care night <EOS>,juvenile,juvenile,0.9711310863494873,1,juvenile,juvenile|religion
<SOS> top news anchor risk job life battle politically correct attitude member channel 6 news team hiding truth father's death author piercing darkness major adpromo <EOS>,other,other,0.8240894079208374,1,other,business|other
<SOS> unimaginably distant yet time earthlike planet mar exerted powerful pull human imagination thousand year mesmerized million watched small robot known sojourner explored faraway surface july september 1997 definitive book compelling subject national geographic present stateoftheart report planet technology allows u explore prospect exciting discovery highlighted astonishing collection 125 fullcolor photograph mar includes stunning <UNK> 8page panoramic gatefold image capture genuine wonder ,science,science,0.9448492527008057,1,science,history|science
<SOS> philosopher naturalist poet rugged individualist henry david thoreau <UNK> inspired generation reader think follow dictate conscience make art life representative sampling thought includes five frequently cited read essay civil disobedience powerful influential political essay <UNK> law conscience civil law life without principle distills essence thoreau's philosophy selfreliance individualism slavery massachusetts searing attack government <UNK> slavery plea captain john brown eloquent de,other,other,0.8476762771606445,1,other,other
<SOS> collection story poem prayer lullaby communicating christian value designed family reading bedtime <EOS>,juvenile,religion,0.984435498714447,0,juvenile,juvenile|religion
<SOS> beginning freshman year smith journal reveal sylvia <UNK> unrelenting ambition great writer recurrent struggle inner conflict feeling closest <EOS>,other,other,0.6947146654129028,1,other,juvenile|other
<SOS> discussion finding marriage partner often hear clich know unfortunately conjecture dangerous love blind many fault word faded heartache ailing broken marriage still <UNK> finding mr right author offer list ten characteristic look mr right physical attraction not one along ten principle choose well dispel one perfect person myth encouraging woman abandon search mr perfect become comfortable mr right additionally share step becoming mr right among attribute reader learn look men <UNK> respo,other,romance,0.9865155220031738,0,other,romance
<SOS> someone <UNK> storm school everyone think keith emerson blame unfortunately keith earned nickname <UNK> silent deadly make matter worse <UNK> dad self proclaimed fart machine really stink home science fair quickly approaching keith decides enough come science fair project idea turn foul smell human gas something sweet smelling idea land principal's office big trouble mom help little sister emma dad crazy grandma benjamin franklin great american scientist keith attempt make greatest scienti,juvenile,juvenile,0.9880679249763489,1,juvenile,juvenile
<SOS> corporate attorney turn public defender risk everything defend seemingly <UNK> young black man charged seven <UNK> city's racial tension erupt violence reprint <EOS>,other,other,0.8655161261558533,1,other,other
